Product,MONTH,F/P/C,PRICE,Maintenance,Maint. Vol. Scan,STRIKE,Underlying,Underlying_price
Wheat,19-Sep,C,20,1450,0.24,465,19-Sep,475.7
Wheat,19-Sep,C,17,1450,0.24,470,19-Sep,475.7
Wheat,19-Sep,C,14,1450,0.24,475,19-Sep,475.7
Wheat,19-Sep,C,12,1450,0.24,480,19-Sep,475.7
Wheat,19-Sep,C,10,1450,0.24,485,19-Sep,475.7
Wheat,19-Sep,C,8,1450,0.24,490,19-Sep,475.7
Wheat,19-Sep,C,7,1450,0.24,495,19-Sep,475.7
Wheat,19-Sep,C,6,1450,0.24,500,19-Sep,475.7
Wheat,19-Sep,C,5,1450,0.24,505,19-Sep,475.7
Wheat,19-Sep,C,4,1450,0.24,510,19-Sep,475.7
Wheat,19-Sep,P,9,1450,0.24,465,19-Sep,475.7
Wheat,19-Sep,P,11,1450,0.24,470,19-Sep,475.7
Wheat,19-Sep,P,14,1450,0.24,475,19-Sep,475.7
Wheat,19-Sep,P,16,1450,0.24,480,19-Sep,475.7
Wheat,19-Sep,P,19,1450,0.24,485,19-Sep,475.7
Wheat,19-Sep,P,23,1450,0.24,490,19-Sep,475.7
Wheat,19-Sep,P,26,1450,0.24,495,19-Sep,475.7
Wheat,19-Sep,P,30,1450,0.24,500,19-Sep,475.7
Wheat,19-Sep,P,34,1450,0.24,505,19-Sep,475.7
Wheat,19-Sep,P,38,1450,0.24,510,19-Sep,475.7
Wheat,19-Oct,C,19,1450,0.2,480,19-Dec,480.7
Wheat,19-Oct,C,17,1450,0.2,485,19-Dec,480.7
Wheat,19-Oct,C,15,1450,0.2,490,19-Dec,480.7
Wheat,19-Oct,C,13,1450,0.2,495,19-Dec,480.7
Wheat,19-Oct,C,11,1450,0.2,500,19-Dec,480.7
Wheat,19-Oct,C,10,1450,0.2,505,19-Dec,480.7
Wheat,19-Oct,C,9,1450,0.2,510,19-Dec,480.7
Wheat,19-Oct,P,18,1450,0.2,480,19-Dec,480.7
Wheat,19-Oct,P,21,1450,0.2,485,19-Dec,480.7
Wheat,19-Oct,P,24,1450,0.2,490,19-Dec,480.7
Wheat,19-Oct,P,27,1450,0.2,495,19-Dec,480.7
Wheat,19-Oct,P,31,1450,0.2,500,19-Dec,480.7
Wheat,19-Oct,P,34,1450,0.2,505,19-Dec,480.7
Wheat,19-Oct,P,38,1450,0.2,510,19-Dec,480.7